{
  "country": "France",
  "start": "2001-01",
  "nobs": 304,
  "loglik": 980.1903305105952,
  "lam": 0.10121940147808141,
  "params": {
    "qL": 0.0013110997480538544,
    "qS": 0.05370694880885788,
    "qC": 0.07742212489071218,
    "lam": 0.10121940147808141,
    "v1": 9.80544139855803e-10,
    "v2": 0.001921096926051786,
    "v3": 0.00735421771632932,
    "v4": 0.02547087120159173,
    "v5": 0.00873387875820828,
    "v6": 0.0007416186865762075
  },
  "bse": {
    "qL": 0.00023197103687479793,
    "qS": 0.003924455659684039,
    "qC": 0.0070852518980252495,
    "lam": 0.014440818727722763,
    "v1": 0.011357942663080545,
    "v2": 0.001466685279869348,
    "v3": 0.0006280148096967663,
    "v4": 0.0034798293896415107,
    "v5": 0.00107203227756764,
    "v6": 2.4233729804415342e-05
  }
}