{
  "country": "France",
  "start": "2001-01",
  "nobs": 304,
  "loglik": 980.190330091468,
  "lam": 0.10121330106516764,
  "params": {
    "qL": 0.0013109378084449105,
    "qS": 0.05372187175450505,
    "qC": 0.07748123524725033,
    "lam": 0.10121330106516764,
    "v1": 3.224940331254115e-10,
    "v2": 0.0019191747559054553,
    "v3": 0.00735222573078413,
    "v4": 0.025475269191798842,
    "v5": 0.008736130825382906,
    "v6": 0.0007416012761822139
  },
  "bse": {
    "qL": 0.00023192086977211066,
    "qS": 0.003926451243662253,
    "qC": 0.007090111121973844,
    "lam": 0.014441331416365421,
    "v1": 0.011361888765827933,
    "v2": 0.0014671755867306788,
    "v3": 0.0006282519182888511,
    "v4": 0.0034809082839108393,
    "v5": 0.0010726097357339347,
    "v6": 2.4232920526973086e-05
  }
}