{
  "country": "France",
  "start": "2001-01",
  "nobs": 304,
  "loglik": 1972.1457740796113,
  "lam": 0.09931770311031439,
  "params": {
    "qL": 0.001518108087063816,
    "qS": 0.42316086524343827,
    "qC": 0.3086017163746764,
    "lam": 0.09931770311031439,
    "v1": 0.8212703873491497,
    "v2": 0.4757205982639989,
    "v3": 0.04746141537027571,
    "v4": 0.6361589935495254,
    "v5": 0.35675635590046567,
    "v6": 1.0755668176679096e-11
  },
  "bse": {
    "qL": 0.00021431223359086172,
    "qS": 2.392333955968535e-07,
    "qC": 3.041829507176009e-08,
    "lam": 3.854724013347643e-07,
    "v1": 1.238547356103532e-08,
    "v2": 2.5429725461373872e-08,
    "v3": 3.9228190371588354e-07,
    "v4": 2.061911095959489e-09,
    "v5": 5.922571103953621e-09,
    "v6": 1.0872878967687542e-10
  }
}