{
  "country": "France",
  "start": "2001-01",
  "nobs": 305,
  "loglik": 981.4963498191855,
  "lam": 0.10184876872392533,
  "params": {
    "qL": 0.0013105577981061356,
    "qS": 0.054293085063114484,
    "qC": 0.07654902810720987,
    "lam": 0.10184876872392533,
    "v1": 3.816323669827154e-09,
    "v2": 0.0008954552082082645,
    "v3": 0.007648609928990899,
    "v4": 0.02552637883335309,
    "v5": 0.008761009386654478,
    "v6": 0.0007426447713376201
  },
  "bse": {
    "qL": 0.00023210724512402278,
    "qS": 0.0039034130057327386,
    "qC": 0.007010046728844651,
    "lam": 0.01428835360901751,
    "v1": 0.011439955963944816,
    "v2": 0.0013789952708638505,
    "v3": 0.0006202002405294077,
    "v4": 0.003490178813140628,
    "v5": 0.001075001508189267,
    "v6": 2.426860994677001e-05
  }
}