{
  "country": "Japan",
  "start": "2001-01",
  "nobs": 304,
  "loglik": 340.9711140821059,
  "lam": 0.07485129771446644,
  "params": {
    "qL": 0.004619729382501097,
    "qS": 0.028802923476272644,
    "qC": 0.1346152114814702,
    "lam": 0.07485129771446644,
    "v1": 1.87765167945841e-10,
    "v2": 6.351253296689491e-13,
    "v3": 0.026580409434559523,
    "v4": 0.14176472407861954,
    "v5": 0.051048170728069185,
    "v6": 0.006471674237385347
  },
  "bse": {
    "qL": 0.0004307919252638007,
    "qS": 0.0022491702938369374,
    "qC": 0.014482138082833737,
    "lam": 0.01090369582537213,
    "v1": 0.0061547983365823535,
    "v2": 0.0015711704428497527,
    "v3": 0.0013524430762952657,
    "v4": 0.019637948397170257,
    "v5": 0.004892319508938302,
    "v6": 0.00025809909981101153
  }
}