{
  "country": "Japan",
  "start": "2001-01",
  "nobs": 304,
  "loglik": 340.9711112687679,
  "lam": 0.07484827920970571,
  "params": {
    "qL": 0.004618087191059028,
    "qS": 0.02879761034469714,
    "qC": 0.13459872914735632,
    "lam": 0.07484827920970571,
    "v1": 4.2996076523629526e-11,
    "v2": 7.134920004850573e-10,
    "v3": 0.026580788697952884,
    "v4": 0.14176683128303297,
    "v5": 0.0510482799973184,
    "v6": 0.006471531339462665
  },
  "bse": {
    "qL": 0.0004305191811600079,
    "qS": 0.0022484467164020057,
    "qC": 0.014478757217668083,
    "lam": 0.010901795804545629,
    "v1": 0.006153301274107127,
    "v2": 0.001570699740761078,
    "v3": 0.0013521920263866228,
    "v4": 0.019638080932940644,
    "v5": 0.0048922224042863005,
    "v6": 0.0002580900594362849
  }
}