{
  "country": "Japan",
  "start": "2001-01",
  "nobs": 304,
  "loglik": 1073.2569276200777,
  "lam": 0.0991182005464637,
  "params": {
    "qL": 0.042658976059728904,
    "qS": 0.17489944675841712,
    "qC": 0.18704484201304503,
    "lam": 0.0991182005464637,
    "v1": 0.6923938569004148,
    "v2": 0.4490575710032166,
    "v3": 0.04320071217243864,
    "v4": 0.6299858350579085,
    "v5": 0.3427031663420298,
    "v6": 2.0669770299927875e-07
  },
  "bse": {
    "qL": 0.01342759423256737,
    "qS": 0.04411792472087677,
    "qC": 0.06167870933247772,
    "lam": 0.02338062854711952,
    "v1": 0.2087169444264986,
    "v2": 0.10436645853729128,
    "v3": 0.006424282002825168,
    "v4": 0.01535192298995746,
    "v5": 0.05697872736170971,
    "v6": 2.01389293910242e-08
  }
}