{
  "country": "Japan",
  "start": "2001-01",
  "nobs": 305,
  "loglik": 341.8036807087404,
  "lam": 0.07484802054188708,
  "params": {
    "qL": 0.004609882610084703,
    "qS": 0.028686525521790435,
    "qC": 0.1353375454018062,
    "lam": 0.07484802054188708,
    "v1": 2.2180014809996087e-11,
    "v2": 6.279275562340061e-12,
    "v3": 0.026499944948430696,
    "v4": 0.1419383301936058,
    "v5": 0.05105527174379778,
    "v6": 0.006472543550618958
  },
  "bse": {
    "qL": 0.00042916955885546345,
    "qS": 0.002231682073084595,
    "qC": 0.014539570065125665,
    "lam": 0.010856744498450012,
    "v1": 0.006139092097563788,
    "v2": 0.0015623257904528295,
    "v3": 0.0013479348999443916,
    "v4": 0.01967286339009236,
    "v5": 0.004891609043313002,
    "v6": 0.0002581498393556472
  }
}