{
  "country": "UK",
  "start": "2001-01",
  "nobs": 304,
  "loglik": 398.1242022368313,
  "lam": 0.1210646462624708,
  "params": {
    "qL": 0.0036530691825040554,
    "qS": 0.10332902867804482,
    "qC": 0.2040991142529926,
    "lam": 0.1210646462624708,
    "v1": 4.885955114853222e-10,
    "v2": 1.7523027252823554e-11,
    "v3": 0.02392121636531259,
    "v4": 0.03971793534738625,
    "v5": 0.00832620203392471,
    "v6": 0.0029075790249374267
  },
  "bse": {
    "qL": 0.0005352264001755027,
    "qS": 0.006183669916925374,
    "qC": 0.01715361021612767,
    "lam": 0.011374445281211027,
    "v1": 0.026456408471306314,
    "v2": 0.002838556750044864,
    "v3": 0.0015196283204867045,
    "v4": 0.005244871377163672,
    "v5": 0.000661496381940733,
    "v6": 9.243643127522115e-05
  }
}