{
  "country": "UK",
  "start": "2001-01",
  "nobs": 304,
  "loglik": 398.1241992383997,
  "lam": 0.12106566536517588,
  "params": {
    "qL": 0.0036526770721155622,
    "qS": 0.10332857904480792,
    "qC": 0.20406005065054147,
    "lam": 0.12106566536517588,
    "v1": 3.8149293488270893e-10,
    "v2": 2.4497725587166415e-10,
    "v3": 0.02391855431365001,
    "v4": 0.03971887180748366,
    "v5": 0.00832468465158578,
    "v6": 0.0029079596603896404
  },
  "bse": {
    "qL": 0.000535125263977906,
    "qS": 0.00618328442300575,
    "qC": 0.017147887021824057,
    "lam": 0.01137346497358523,
    "v1": 0.026455235305446814,
    "v2": 0.0028383510009239834,
    "v3": 0.0015193437263345561,
    "v4": 0.005245188415276866,
    "v5": 0.0006612763176175531,
    "v6": 9.245934724373031e-05
  }
}