{
  "country": "UK",
  "start": "2001-01",
  "nobs": 304,
  "loglik": 1706.7789388261228,
  "lam": 0.10189688577766118,
  "params": {
    "qL": 0.0020888669563593394,
    "qS": 1.1634684251592475,
    "qC": 0.7492292321963108,
    "lam": 0.10189688577766118,
    "v1": 1.1917080218572955,
    "v2": 0.09118450135853079,
    "v3": 0.16760264237467623,
    "v4": 0.3043658526084775,
    "v5": 0.0036493042139761527,
    "v6": 1.4383501260975948e-10
  },
  "bse": {
    "qL": 0.00016172429295076434,
    "qS": 3.603697226695853e-07,
    "qC": 4.431759967332621e-09,
    "lam": 3.1164328227603126e-06,
    "v1": 2.37413383757302e-08,
    "v2": 2.0883743600143614e-06,
    "v3": 1.6859453842049544e-06,
    "v4": 1.318476306333978e-07,
    "v5": 0.0004165315471577059,
    "v6": 1.4870558113786056e-10
  }
}