{
  "country": "UK",
  "start": "2001-01",
  "nobs": 305,
  "loglik": 398.4822734753771,
  "lam": 0.12106663349538924,
  "params": {
    "qL": 0.0036570927065586465,
    "qS": 0.10324667013899404,
    "qC": 0.20429624181304998,
    "lam": 0.12106663349538924,
    "v1": 3.399308185243005e-11,
    "v2": 2.83304404474261e-10,
    "v3": 0.02377989479850141,
    "v4": 0.03971172807332377,
    "v5": 0.008328837719537447,
    "v6": 0.002907808069096287
  },
  "bse": {
    "qL": 0.0005351428364998976,
    "qS": 0.006167648904955863,
    "qC": 0.017140644754556733,
    "lam": 0.011362740761685797,
    "v1": 0.026442546450795502,
    "v2": 0.002828805542255394,
    "v3": 0.0015099649577469112,
    "v4": 0.0052359136035492445,
    "v5": 0.0006617363954223009,
    "v6": 9.24559067899551e-05
  }
}