{
  "country": "Germany",
  "start": "2001-01",
  "nobs": 304,
  "loglik": 2251.3676189921816,
  "lam": 0.10191302798777721,
  "params": {
    "qL": 0.001700127086249094,
    "qS": 0.21925396699804062,
    "qC": 0.17381245971819978,
    "lam": 0.10191302798777721,
    "v1": 0.7093057712555276,
    "v2": 0.07647315239027495,
    "v3": 0.050137690592385674,
    "v4": 0.31283919154150025,
    "v5": 0.001710498266026597,
    "v6": 6.417185885140826e-11
  },
  "bse": {
    "qL": 0.00019646370453583583,
    "qS": 1.751535003905223e-07,
    "qC": 2.8381554431811347e-08,
    "lam": 2.115270314185735e-07,
    "v1": 9.67597897058376e-08,
    "v2": 9.397889886905848e-07,
    "v3": 2.2330051137440607e-06,
    "v4": 3.739397036876063e-08,
    "v5": 0.00012513951617653546,
    "v6": 1.1252519792008773e-10
  }
}