{
  "country": "Germany",
  "start": "2001-01",
  "nobs": 304,
  "loglik": 631.6083826964724,
  "lam": 0.1468339116854913,
  "params": {
    "qL": 0.0018514321403444182,
    "qS": 0.11067133099058316,
    "qC": 0.1825879631381922,
    "lam": 0.1468339116854913,
    "v1": 1.1721338588175612e-09,
    "v2": 3.04190659674063e-10,
    "v3": 0.006510961198769765,
    "v4": 0.03350604945691551,
    "v5": 0.01304980154358451,
    "v6": 0.0017176512648986648
  },
  "bse": {
    "qL": 0.00022023488939950338,
    "qS": 0.007558196460072423,
    "qC": 0.011060226491343405,
    "lam": 0.0155416923605413,
    "v1": 0.035238006549391944,
    "v2": 0.0019362709256540089,
    "v3": 0.0004661665420501612,
    "v4": 0.004425352548474942,
    "v5": 0.0017062063393584004,
    "v6": 6.895203681725313e-05
  }
}