{
  "country": "Germany",
  "start": "2001-01",
  "nobs": 305,
  "loglik": 632.8362169784773,
  "lam": 0.14681252347566126,
  "params": {
    "qL": 0.0018511293020908052,
    "qS": 0.11021354895469775,
    "qC": 0.18219600505358324,
    "lam": 0.14681252347566126,
    "v1": 4.833996660370986e-09,
    "v2": 1.0742110911760263e-09,
    "v3": 0.00648969886750967,
    "v4": 0.03352955830988646,
    "v5": 0.013051641123613837,
    "v6": 0.001717811043815752
  },
  "bse": {
    "qL": 0.0002196595036410608,
    "qS": 0.007505440826152525,
    "qC": 0.011010515120637328,
    "lam": 0.01550186738746998,
    "v1": 0.03509039000085109,
    "v2": 0.0019219709912642366,
    "v3": 0.0004634197348756842,
    "v4": 0.004430334594205781,
    "v5": 0.0017065917292019594,
    "v6": 6.896322012225706e-05
  }
}