{
  "country": "Germany",
  "start": "2001-01",
  "nobs": 304,
  "loglik": 631.608382272271,
  "lam": 0.1468337545146503,
  "params": {
    "qL": 0.0018515951221152376,
    "qS": 0.11066194126505464,
    "qC": 0.1825981224987329,
    "lam": 0.1468337545146503,
    "v1": 1.2761711632795506e-09,
    "v2": 4.5317333944456806e-10,
    "v3": 0.006511064155700979,
    "v4": 0.03350562700390503,
    "v5": 0.013050239148414236,
    "v6": 0.0017176485077009594
  },
  "bse": {
    "qL": 0.00022025661550243404,
    "qS": 0.007557550967590778,
    "qC": 0.011061363470275518,
    "lam": 0.015541977929131793,
    "v1": 0.03523629240631729,
    "v2": 0.0019360443793761438,
    "v3": 0.00046617287272582097,
    "v4": 0.004425276568081685,
    "v5": 0.0017063175980040186,
    "v6": 6.895193416490348e-05
  }
}