{
  "country": "Indonesia",
  "start": "2001-01",
  "nobs": 304,
  "loglik": -222.56622895830134,
  "lam": 0.08174115460625066,
  "params": {
    "qL": 0.018023385720295416,
    "qS": 0.15106767097206728,
    "qC": 0.5189887607706511,
    "lam": 0.08174115460625066,
    "v1": 5.87455681517514e-10,
    "v2": 3.1492565897281034e-10,
    "v3": 0.05921257865856829,
    "v4": 0.10212061199465634,
    "v5": 0.07076212558231676,
    "v6": 0.012760397621329756
  },
  "bse": {
    "qL": 0.0015775079177522,
    "qS": 0.007958164168547697,
    "qC": 0.046240210062692,
    "lam": 0.011874688591341383,
    "v1": 0.028853894859251945,
    "v2": 0.006183065415226173,
    "v3": 0.004565300983372325,
    "v4": 0.012072185413040594,
    "v5": 0.005707354955727274,
    "v6": 0.0005089512442902727
  }
}