{
  "country": "Indonesia",
  "start": "2001-01",
  "nobs": 305,
  "loglik": -222.49022292239346,
  "lam": 0.0818472960717932,
  "params": {
    "qL": 0.017990451583241807,
    "qS": 0.15065122863839647,
    "qC": 0.5170308942963402,
    "lam": 0.0818472960717932,
    "v1": 3.4283378415490613e-11,
    "v2": 7.286670442581531e-11,
    "v3": 0.058810695746170184,
    "v4": 0.10230094668210196,
    "v5": 0.07092289416365144,
    "v6": 0.012769991582590687
  },
  "bse": {
    "qL": 0.0015719509218658397,
    "qS": 0.007905971122861205,
    "qC": 0.04589676503719671,
    "lam": 0.011850282227556894,
    "v1": 0.02878939003458772,
    "v2": 0.00614308731979776,
    "v3": 0.004524415403049282,
    "v4": 0.01206852029526887,
    "v5": 0.005716937982297916,
    "v6": 0.0005096617100723217
  }
}