{
  "country": "Indonesia",
  "start": "2001-01",
  "nobs": 304,
  "loglik": 982.854474836954,
  "lam": 0.09892358408109647,
  "params": {
    "qL": 0.025885643615716006,
    "qS": 0.674725663494082,
    "qC": 0.46137751258894305,
    "lam": 0.09892358408109647,
    "v1": 0.9219419673543001,
    "v2": 0.0186095974608311,
    "v3": 0.07078307306405111,
    "v4": 0.05147129737046584,
    "v5": 0.010153315879191247,
    "v6": 9.051866258754397e-07
  },
  "bse": {
    "qL": 0.003307324356480941,
    "qS": 0.05259814587229545,
    "qC": 0.0586446282376147,
    "lam": 0.009850305620303363,
    "v1": 0.20975519140916082,
    "v2": 0.010786513178563443,
    "v3": 0.007369734147924594,
    "v4": 0.019610367471124032,
    "v5": 0.0020914962229019725,
    "v6": 9.734295994440994e-08
  }
}