{
  "country": "Indonesia",
  "start": "2001-01",
  "nobs": 304,
  "loglik": -222.56623292961115,
  "lam": 0.08173709209317988,
  "params": {
    "qL": 0.018022430280516817,
    "qS": 0.15104453336659424,
    "qC": 0.5189766575573154,
    "lam": 0.08173709209317988,
    "v1": 3.208720617464647e-09,
    "v2": 3.0390586870998097e-10,
    "v3": 0.05922990516290519,
    "v4": 0.10210537601402998,
    "v5": 0.07075565509981907,
    "v6": 0.01276078533498716
  },
  "bse": {
    "qL": 0.0015773282071614482,
    "qS": 0.007956761832123986,
    "qC": 0.046241909319306926,
    "lam": 0.011873348461985735,
    "v1": 0.028848768285316878,
    "v2": 0.006181943678585745,
    "v3": 0.0045657175926030686,
    "v4": 0.012070536695820505,
    "v5": 0.0057069276309822,
    "v6": 0.0005089799637951089
  }
}