{
  "country": "Mexico",
  "start": "2001-01",
  "nobs": 301,
  "loglik": 1674.67547229001,
  "lam": 0.09928948392909313,
  "params": {
    "qL": 0.05467809642588697,
    "qS": 0.8440774843437479,
    "qC": 0.29790979267095447,
    "lam": 0.09928948392909313,
    "v1": 2.212276208633056,
    "v2": 0.5325039407495498,
    "v3": 0.1216105400991992,
    "v4": 0.6324559018043684,
    "v5": 0.34813542501844297,
    "v6": 3.337587744096534e-11
  },
  "bse": {
    "qL": 1.66128986071962e-19,
    "qS": 8.107859021835145e-21,
    "qC": 5.33026937220528e-20,
    "lam": 4.248545750226387e-20,
    "v1": 1.4704666453443757e-21,
    "v2": 1.608213051742392e-20,
    "v3": 2.4041752788102685e-21,
    "v4": 2.7037258512453333e-20,
    "v5": 1.0259754334292394e-19,
    "v6": 1.1131606882380357e-10
  }
}