{
  "country": "Mexico",
  "start": "2001-01",
  "nobs": 301,
  "loglik": 654.5460135832391,
  "lam": 0.11269487520826009,
  "params": {
    "qL": 0.005577007437292785,
    "qS": 0.0627626511002231,
    "qC": 0.056758715953962355,
    "lam": 0.11269487520826009,
    "v1": 6.220154985906792e-11,
    "v2": 0.013845109735694645,
    "v3": 1.4314888309986569e-05,
    "v4": 0.021290581557136472,
    "v5": 0.02104740622817325,
    "v6": 0.003505690527085349
  },
  "bse": {
    "qL": 0.0003874219558260528,
    "qS": 0.0048693566665438314,
    "qC": 0.0063870179025765335,
    "lam": 0.011826407609158669,
    "v1": 0.011723095340441416,
    "v2": 0.0016897020676392986,
    "v3": 0.00040106010940586383,
    "v4": 0.005526074754780066,
    "v5": 0.0033694007424581304,
    "v6": 0.00019239228186360388
  }
}