{
  "country": "Mexico",
  "start": "2001-01",
  "nobs": 301,
  "loglik": 654.5460077974018,
  "lam": 0.112691447232175,
  "params": {
    "qL": 0.005577199125425784,
    "qS": 0.06276320404294118,
    "qC": 0.056772555031401564,
    "lam": 0.112691447232175,
    "v1": 9.68103972078022e-10,
    "v2": 0.013853333304195326,
    "v3": 1.2015624524258266e-05,
    "v4": 0.021290637060865206,
    "v5": 0.021048491448132096,
    "v6": 0.0035057084942539574
  },
  "bse": {
    "qL": 0.00038743144053859864,
    "qS": 0.0048701296580050376,
    "qC": 0.006388951780083575,
    "lam": 0.011827124364311348,
    "v1": 0.011722498566322539,
    "v2": 0.0016902144946370822,
    "v3": 0.00040104368818840835,
    "v4": 0.005525690737759533,
    "v5": 0.00336967449592338,
    "v6": 0.00019239536674247682
  }
}