{
  "country": "USA",
  "start": "2001-01",
  "nobs": 304,
  "loglik": 853.3027430672931,
  "lam": 0.15424730996084068,
  "params": {
    "qL": 0.0016842946866756456,
    "qS": 0.14295119256184038,
    "qC": 0.1088899535730119,
    "lam": 0.15424730996084068,
    "v1": 1.1502777268722837e-07,
    "v2": 7.400887408572515e-09,
    "v3": 0.008049908007634232,
    "v4": 0.008115105812578202,
    "v5": 0.005256760685663027,
    "v6": 0.000890799431904381
  },
  "bse": {
    "qL": 0.00024328755718543648,
    "qS": 0.010929821331283729,
    "qC": 0.010553852099720578,
    "lam": 0.019062406518650453,
    "v1": 0.03996623982023647,
    "v2": 0.0019192945270421033,
    "v3": 0.0007833297001126725,
    "v4": 0.0018801994426993584,
    "v5": 0.0005229202264113998,
    "v6": 3.264758736322524e-05
  }
}