{
  "country": "USA",
  "start": "2001-01",
  "nobs": 304,
  "loglik": 853.3027406972765,
  "lam": 0.1542407330441704,
  "params": {
    "qL": 0.0016849827111829509,
    "qS": 0.14299296007240966,
    "qC": 0.10891477860104151,
    "lam": 0.1542407330441704,
    "v1": 5.9177612486921546e-08,
    "v2": 5.511353692137007e-08,
    "v3": 0.008048358663933303,
    "v4": 0.008114038880387654,
    "v5": 0.0052547352051564265,
    "v6": 0.0008902507818933538
  },
  "bse": {
    "qL": 0.00024345317301324991,
    "qS": 0.010935698067964204,
    "qC": 0.010557905916384582,
    "lam": 0.01906672976061053,
    "v1": 0.039975320018697226,
    "v2": 0.0019204051573777526,
    "v3": 0.0007834254363011571,
    "v4": 0.0018796122350570347,
    "v5": 0.0005224623987489106,
    "v6": 3.2607492933575815e-05
  }
}