{
  "country": "USA",
  "start": "2001-01",
  "nobs": 304,
  "loglik": 1439.132222302886,
  "lam": 0.09905809600989174,
  "params": {
    "qL": 0.1362601037882071,
    "qS": 0.8222816272938798,
    "qC": 0.4983683741026489,
    "lam": 0.09905809600989174,
    "v1": 1.0396926628615684,
    "v2": 0.6884869852821645,
    "v3": 0.05602457757206984,
    "v4": 0.6350719953404381,
    "v5": 0.35689153805972673,
    "v6": 1.9308330379096496e-09
  },
  "bse": {
    "qL": 0.00028624823598371484,
    "qS": 8.533326137325892e-05,
    "qC": 2.2545336108936634e-05,
    "lam": 2.5602339214212986e-05,
    "v1": 7.13286573878429e-05,
    "v2": 0.00010440083911058533,
    "v3": 0.007636396354442014,
    "v4": 5.365804421982635e-06,
    "v5": 1.4879161290761476e-05,
    "v6": 2.741525080619547e-10
  }
}