{
  "country": "USA",
  "start": "2001-01",
  "nobs": 305,
  "loglik": 854.1260059790964,
  "lam": 0.15444587233756726,
  "params": {
    "qL": 0.0016855805683296885,
    "qS": 0.14297785727046827,
    "qC": 0.10902328817770247,
    "lam": 0.15444587233756726,
    "v1": 3.808176833379828e-08,
    "v2": 2.3300181115135067e-09,
    "v3": 0.007979547766356924,
    "v4": 0.008105759994076898,
    "v5": 0.005256289269659824,
    "v6": 0.0008905041970845872
  },
  "bse": {
    "qL": 0.00024323527969524536,
    "qS": 0.010910272888583405,
    "qC": 0.010562530483548266,
    "lam": 0.019008944224469033,
    "v1": 0.04004488236953015,
    "v2": 0.0019168926736777582,
    "v3": 0.0007766197436807266,
    "v4": 0.0018765506291855126,
    "v5": 0.0005237260976316271,
    "v6": 3.263206244059796e-05
  }
}