{
  "country": "Turkey",
  "start": "2001-01",
  "nobs": 304,
  "loglik": -1719.4671723602228,
  "lam": 0.08375951685640107,
  "params": {
    "qL": 0.15124615195495672,
    "qS": 7.491420124353331,
    "qC": 14.041244318285981,
    "lam": 0.08375951685640107,
    "v1": 1.1291797689239292e-07,
    "v2": 4.147537784302626e-08,
    "v3": 0.0666030779928641,
    "v4": 1.6873662248995496,
    "v5": 1.2888251671778381,
    "v6": 0.10725481232969965
  },
  "bse": {
    "qL": 0.018273418009690186,
    "qS": 0.3347795290482116,
    "qC": 0.6813611437905859,
    "lam": 0.006196345388152695,
    "v1": 1.0336573583154038,
    "v2": 0.13274163759804924,
    "v3": 0.04957696055500843,
    "v4": 0.2149214947255937,
    "v5": 0.14217634985524846,
    "v6": 0.00581338060746851
  }
}