{
  "country": "Turkey",
  "start": "2001-01",
  "nobs": 304,
  "loglik": -766.4412168957797,
  "lam": 0.1,
  "params": {
    "qL": 0.17838141373171085,
    "qS": 26.245413324846,
    "qC": 19.84868286118884,
    "lam": 0.1,
    "v1": 58.91208132799002,
    "v2": 1.175254649448344,
    "v3": 1.5960330479052818,
    "v4": 1.13531284610515,
    "v5": 0.12079196344957907,
    "v6": 4.1945896509361294e-05
  },
  "bse": {
    "qL": 0.024855939815017207,
    "qS": 1.8180098422610913,
    "qC": 2.895771618884946,
    "lam": NaN,
    "v1": 3.962594006168401,
    "v2": 0.21200528049200953,
    "v3": 0.2091868209360913,
    "v4": 0.3196859661198682,
    "v5": 0.015558974099256538,
    "v6": 3.631344206200037e-06
  }
}