{
  "country": "Turkey",
  "start": "2001-01",
  "nobs": 304,
  "loglik": -1782.6094944803401,
  "lam": 0.1,
  "params": {
    "qL": 0.1436108565567193,
    "qS": 8.14175079132841,
    "qC": 14.088551710935887,
    "lam": 0.1,
    "v1": 2.1347909381746802e-08,
    "v2": 7.129141467027886e-08,
    "v3": 0.05489448011370269,
    "v4": 1.2183241958074695,
    "v5": 1.8482598042953935,
    "v6": 0.13976963070804113
  },
  "bse": {
    "qL": 0.018827774088364602,
    "qS": 0.24850772007212565,
    "qC": 0.5198172963823978,
    "lam": NaN,
    "v1": 1.457092973683676,
    "v2": 0.13950904274273723,
    "v3": 0.04555456309268805,
    "v4": 0.219597306523996,
    "v5": 0.09420771853473396,
    "v6": 0.006568496893655482
  }
}