{
  "country": "China",
  "start": "2001-01",
  "nobs": 304,
  "loglik": 401.68398654524594,
  "lam": 0.09722245744041057,
  "params": {
    "qL": 0.011642341071631418,
    "qS": 0.07295254569584635,
    "qC": 0.16110687124407883,
    "lam": 0.09722245744041057,
    "v1": 2.9882414808073784e-10,
    "v2": 1.728121299704368e-10,
    "v3": 0.005614030095677034,
    "v4": 0.027422874261775084,
    "v5": 0.030253903274618587,
    "v6": 0.0050126003352940944
  },
  "bse": {
    "qL": 0.0012582739640394293,
    "qS": 0.00449197224495588,
    "qC": 0.015481074448838825,
    "lam": 0.010707271505534733,
    "v1": 0.014349981503112653,
    "v2": 0.0016056557074000377,
    "v3": 0.0008353881573488277,
    "v4": 0.0022323203316373724,
    "v5": 0.002944021486103469,
    "v6": 0.0002355804336754981
  }
}