{
  "country": "China",
  "start": "2001-01",
  "nobs": 304,
  "loglik": 401.6839871603197,
  "lam": 0.09722204463964022,
  "params": {
    "qL": 0.011642658369145733,
    "qS": 0.07295680410673037,
    "qC": 0.16111352393864042,
    "lam": 0.09722204463964022,
    "v1": 1.7599139572304267e-10,
    "v2": 3.549846159755117e-13,
    "v3": 0.005612248946166822,
    "v4": 0.027423069675550797,
    "v5": 0.030249740785605318,
    "v6": 0.005012743991808678
  },
  "bse": {
    "qL": 0.001258331950993619,
    "qS": 0.004492374376515316,
    "qC": 0.01548188030699674,
    "lam": 0.01070746689632148,
    "v1": 0.01435045341410058,
    "v2": 0.0016056344265758635,
    "v3": 0.0008352720319182471,
    "v4": 0.0022322682814479387,
    "v5": 0.0029432385030256658,
    "v6": 0.00023559171704913855
  }
}