{
  "country": "China",
  "start": "2001-01",
  "nobs": 305,
  "loglik": 402.9464447902918,
  "lam": 0.09722950506920619,
  "params": {
    "qL": 0.011619585222955465,
    "qS": 0.07273660585279512,
    "qC": 0.16076102718340973,
    "lam": 0.09722950506920619,
    "v1": 7.314319311928373e-12,
    "v2": 3.2201626337211424e-10,
    "v3": 0.005579957879976249,
    "v4": 0.0274284721821844,
    "v5": 0.030248126156052362,
    "v6": 0.005013438634700487
  },
  "bse": {
    "qL": 0.0012529195720540815,
    "qS": 0.004464959853000079,
    "qC": 0.01541503057743647,
    "lam": 0.010673438727443703,
    "v1": 0.01430617259273802,
    "v2": 0.001596122791583269,
    "v3": 0.0008297620370292831,
    "v4": 0.002231009441821585,
    "v5": 0.0029426542853571718,
    "v6": 0.00023564086532774396
  }
}