{
  "country": "China",
  "start": "2001-01",
  "nobs": 304,
  "loglik": 1651.5108284615342,
  "lam": 0.09936895910539179,
  "params": {
    "qL": 0.8731328748589177,
    "qS": 0.23865604948336827,
    "qC": 0.1590833896749602,
    "lam": 0.09936895910539179,
    "v1": 0.41557695490484814,
    "v2": 0.08050712035962117,
    "v3": 0.08341143080225415,
    "v4": 0.3200591028900226,
    "v5": 0.005552449065524217,
    "v6": 8.976826839677452e-11
  },
  "bse": {
    "qL": 1.9791831863916895e-06,
    "qS": 0.00013569654373309401,
    "qC": 3.502459288304149e-05,
    "lam": 0.00022470742625249526,
    "v1": 3.912234644301372e-06,
    "v2": 0.0017132930870408217,
    "v3": 0.0003219478525718298,
    "v4": 1.7203447118526537e-05,
    "v5": 0.0004722335908186576,
    "v6": 1.0966079516201776e-10
  }
}