{
  "country": "India",
  "start": "2001-01",
  "nobs": 304,
  "loglik": 872.5728677099416,
  "lam": 0.09916475727002769,
  "params": {
    "qL": 0.591881609694959,
    "qS": 0.4333881478580267,
    "qC": 0.3062820108362652,
    "lam": 0.09916475727002769,
    "v1": 1.3592449765156542,
    "v2": 1.164137754077988,
    "v3": 0.16062567303147457,
    "v4": 0.6537642191994806,
    "v5": 0.3775445357497835,
    "v6": 2.1382185578587425e-11
  },
  "bse": {
    "qL": 1.927689981664987e-05,
    "qS": 0.000448467198597677,
    "qC": 1.3628008390088797e-05,
    "lam": 0.0022545896993543067,
    "v1": 6.506291973209278e-05,
    "v2": 7.308195873091521e-05,
    "v3": 0.0013694549594665615,
    "v4": 6.022917292627309e-07,
    "v5": 5.203762353044338e-05,
    "v6": 1.1571485035952065e-10
  }
}