{
  "country": "India",
  "start": "2001-01",
  "nobs": 304,
  "loglik": -178.31303527466974,
  "lam": 0.05873672730061032,
  "params": {
    "qL": 0.030831524152863766,
    "qS": 0.11258565974190238,
    "qC": 0.11187192575686718,
    "lam": 0.05873672730061032,
    "v1": 8.792488331358465e-11,
    "v2": 0.3311955164594119,
    "v3": 0.011286312174110535,
    "v4": 0.041458848828683136,
    "v5": 0.07414815518810773,
    "v6": 0.019814976661042864
  },
  "bse": {
    "qL": 0.004035143596492829,
    "qS": 0.014406578315746828,
    "qC": 0.021215657410150898,
    "lam": 0.010403505844208825,
    "v1": 0.00709590811606033,
    "v2": 0.02849406815144216,
    "v3": 0.002239299203238886,
    "v4": 0.009404940240595374,
    "v5": 0.009300395377790219,
    "v6": 0.0008111263340930868
  }
}