{
  "country": "India",
  "start": "2001-01",
  "nobs": 305,
  "loglik": -179.62481576855612,
  "lam": 0.0588808427977042,
  "params": {
    "qL": 0.030884047349389952,
    "qS": 0.11304750298220216,
    "qC": 0.11152660717171442,
    "lam": 0.0588808427977042,
    "v1": 3.149600678692567e-11,
    "v2": 0.3328317329122078,
    "v3": 0.011015904742416847,
    "v4": 0.04170525457055593,
    "v5": 0.07437735227331145,
    "v6": 0.019845557402315344
  },
  "bse": {
    "qL": 0.004041830327988131,
    "qS": 0.014434877322544875,
    "qC": 0.02115925579098421,
    "lam": 0.010375653640770947,
    "v1": 0.007101866776108707,
    "v2": 0.02872119650863039,
    "v3": 0.0022157558163045646,
    "v4": 0.00943435055619664,
    "v5": 0.009321363916721235,
    "v6": 0.0008124953093909295
  }
}