{
  "country": "India",
  "start": "2001-01",
  "nobs": 304,
  "loglik": -178.31303616909395,
  "lam": 0.05874005222908604,
  "params": {
    "qL": 0.030832494494051146,
    "qS": 0.1125876038437702,
    "qC": 0.1118597781386274,
    "lam": 0.05874005222908604,
    "v1": 3.0025729561173615e-10,
    "v2": 0.33121090876118187,
    "v3": 0.011285039278444636,
    "v4": 0.04145875911347601,
    "v5": 0.07415323839588343,
    "v6": 0.019814934793509216
  },
  "bse": {
    "qL": 0.004035349009482778,
    "qS": 0.014407217332797323,
    "qC": 0.02121393734231875,
    "lam": 0.010403973442985154,
    "v1": 0.007096296112744383,
    "v2": 0.028496391946226336,
    "v3": 0.002239277006976851,
    "v4": 0.009404522730133235,
    "v5": 0.0093011066596416,
    "v6": 0.0008111071469013493
  }
}