{
  "country": "Italy",
  "start": "2001-01",
  "nobs": 305,
  "loglik": 382.1914455307839,
  "lam": 0.06519487988542394,
  "params": {
    "qL": 0.001738419167251323,
    "qS": 0.08484056779316651,
    "qC": 0.2852886964552293,
    "lam": 0.06519487988542394,
    "v1": 2.8869725856598645e-10,
    "v2": 0.05518153028225574,
    "v3": 0.026797682548400013,
    "v4": 0.038884111754612365,
    "v5": 0.01596054295919593,
    "v6": 0.0025240639096369114
  },
  "bse": {
    "qL": 0.0002989224759658076,
    "qS": 0.007748947141899088,
    "qC": 0.032522339284546294,
    "lam": 0.012659811358486504,
    "v1": 0.015078176224034014,
    "v2": 0.005863200160034607,
    "v3": 0.0018671045479939088,
    "v4": 0.00828227718429716,
    "v5": 0.001707031599259089,
    "v6": 7.71029467495428e-05
  }
}