{
  "country": "Italy",
  "start": "2001-01",
  "nobs": 304,
  "loglik": 383.2122437494218,
  "lam": 0.06499637219439491,
  "params": {
    "qL": 0.0017402877382059747,
    "qS": 0.08289073938364419,
    "qC": 0.2821094379374259,
    "lam": 0.06499637219439491,
    "v1": 2.0847758825086826e-10,
    "v2": 0.059156005119288486,
    "v3": 0.02689932694549537,
    "v4": 0.038709326421723034,
    "v5": 0.015868391636566937,
    "v6": 0.002522407498391011
  },
  "bse": {
    "qL": 0.00029898633029459116,
    "qS": 0.007439611338640518,
    "qC": 0.03151443406663331,
    "lam": 0.012093936527297986,
    "v1": 0.014565713221616861,
    "v2": 0.005945926091864784,
    "v3": 0.0018567825815426183,
    "v4": 0.00840109014285,
    "v5": 0.0016883767071152434,
    "v6": 7.717176392596271e-05
  }
}