{
  "country": "Italy",
  "start": "2001-01",
  "nobs": 304,
  "loglik": 383.2122455983315,
  "lam": 0.06499507981350815,
  "params": {
    "qL": 0.001740282086722506,
    "qS": 0.08288258737043688,
    "qC": 0.2820759811758378,
    "lam": 0.06499507981350815,
    "v1": 7.805470614049945e-11,
    "v2": 0.05915923766887965,
    "v3": 0.026903819612153674,
    "v4": 0.03871734380205416,
    "v5": 0.015869668355565338,
    "v6": 0.0025222601049349853
  },
  "bse": {
    "qL": 0.00029897782228663377,
    "qS": 0.0074382238341012125,
    "qC": 0.03151361080218861,
    "lam": 0.012092932439332738,
    "v1": 0.014564125345265605,
    "v2": 0.005945362289191451,
    "v3": 0.0018570052880556515,
    "v4": 0.008404151907084732,
    "v5": 0.0016886169700659939,
    "v6": 7.716728309629081e-05
  }
}