{
  "country": "Italy",
  "start": "2001-01",
  "nobs": 304,
  "loglik": 1433.614575994628,
  "lam": 0.09902358820774837,
  "params": {
    "qL": 0.20492641172121384,
    "qS": 0.9732835238357848,
    "qC": 0.6258725963046248,
    "lam": 0.09902358820774837,
    "v1": 0.985183441921214,
    "v2": 0.5896726985364341,
    "v3": 0.07116593497548944,
    "v4": 0.6450540179413577,
    "v5": 0.3655955140241466,
    "v6": 2.2973834298745373e-11
  },
  "bse": {
    "qL": 6.936267566734382e-06,
    "qS": 3.757211827966863e-05,
    "qC": 1.784822719374768e-05,
    "lam": 3.0431680731367113e-05,
    "v1": 5.985049719784636e-05,
    "v2": 8.676203179004456e-05,
    "v3": 0.003126320478553291,
    "v4": 1.8362369698425117e-05,
    "v5": 8.111306727929054e-05,
    "v6": 1.118293566358145e-10
  }
}