{
  "country": "Australia",
  "start": "2001-01",
  "nobs": 304,
  "loglik": 1045.7114607039657,
  "lam": 0.11513867357472768,
  "params": {
    "qL": 0.0004967755342547002,
    "qS": 0.061553796975287775,
    "qC": 0.0829726058757441,
    "lam": 0.11513867357472768,
    "v1": 4.310216589604558e-11,
    "v2": 0.0021079943866608294,
    "v3": 0.005174375537744421,
    "v4": 0.022011409630643287,
    "v5": 0.00895995591449416,
    "v6": 0.0006220830530327358
  },
  "bse": {
    "qL": 6.328002361522908e-05,
    "qS": 0.005579028498559957,
    "qC": 0.009059154137351333,
    "lam": 0.010660360050787387,
    "v1": 0.014555942170356119,
    "v2": 0.0022539808550413533,
    "v3": 0.0005516077695523263,
    "v4": 0.0024326350638717185,
    "v5": 0.001175438460157527,
    "v6": 2.1180308053888016e-05
  }
}