{
  "country": "Australia",
  "start": "2001-01",
  "nobs": 305,
  "loglik": 1047.3401931331528,
  "lam": 0.11539954549696912,
  "params": {
    "qL": 0.0004963778776165985,
    "qS": 0.062113890821981,
    "qC": 0.08225609517340536,
    "lam": 0.11539954549696912,
    "v1": 4.1160596458455075e-12,
    "v2": 0.001301017605528125,
    "v3": 0.005352714362546628,
    "v4": 0.022000478763804936,
    "v5": 0.008948159134016302,
    "v6": 0.0006221122865234765
  },
  "bse": {
    "qL": 6.321286629370096e-05,
    "qS": 0.005534716946266154,
    "qC": 0.008924307510788427,
    "lam": 0.010493744011924138,
    "v1": 0.014609753037264635,
    "v2": 0.002167693813835653,
    "v3": 0.0005447178798102265,
    "v4": 0.002442700219851561,
    "v5": 0.0011749073494134387,
    "v6": 2.1197438945380566e-05
  }
}