{
  "country": "Brazil",
  "start": "2001-01",
  "nobs": 301,
  "loglik": 355.4492128858119,
  "lam": 0.0791265547768704,
  "params": {
    "qL": 0.00925710494434943,
    "qS": 0.15078866102578647,
    "qC": 0.1493061538014364,
    "lam": 0.0791265547768704,
    "v1": 3.1885222295228425e-11,
    "v2": 4.891178103362356e-12,
    "v3": 0.0008477504294591169,
    "v4": 0.047028977009031914,
    "v5": 0.044006953743489036,
    "v6": 0.004173587051883147
  },
  "bse": {
    "qL": 0.0010559305492674985,
    "qS": 0.008917684279631405,
    "qC": 0.01105563764560815,
    "lam": 0.006292794015165694,
    "v1": 0.012955225254654971,
    "v2": 0.002347839470909061,
    "v3": 0.0009089230404336576,
    "v4": 0.010572206453117782,
    "v5": 0.006086612915236774,
    "v6": 0.00021949650800405195
  }
}