{
  "country": "Brazil",
  "start": "2001-01",
  "nobs": 301,
  "loglik": 355.44921225964333,
  "lam": 0.07912718533050772,
  "params": {
    "qL": 0.009256859330069946,
    "qS": 0.15078199672423806,
    "qC": 0.14930519620216415,
    "lam": 0.07912718533050772,
    "v1": 1.577145700084006e-11,
    "v2": 3.0475448173356855e-09,
    "v3": 0.0008468643572144987,
    "v4": 0.0470299729108421,
    "v5": 0.04400948927416819,
    "v6": 0.0041736593928978615
  },
  "bse": {
    "qL": 0.0010558564415433986,
    "qS": 0.008916824665275009,
    "qC": 0.011055035389908499,
    "lam": 0.006292575789077667,
    "v1": 0.01295440550825583,
    "v2": 0.0023474305468676334,
    "v3": 0.0009087848052671539,
    "v4": 0.010572334711784877,
    "v5": 0.006087229670741204,
    "v6": 0.00021950274588870323
  }
}