{
  "country": "Brazil",
  "start": "2001-01",
  "nobs": 301,
  "loglik": 1289.7398701480977,
  "lam": 0.10097938850173058,
  "params": {
    "qL": 0.1469745313514236,
    "qS": 0.767035902592578,
    "qC": 0.18797650793066592,
    "lam": 0.10097938850173058,
    "v1": 3.3198422017072193,
    "v2": 0.28630040774760934,
    "v3": 0.3236205938489832,
    "v4": 0.2736126653580818,
    "v5": 0.114484962996361,
    "v6": 1.47680916571076e-10
  },
  "bse": {
    "qL": 7.588364454417306e-08,
    "qS": 0.00021202838966385016,
    "qC": 4.225021515199637e-05,
    "lam": 0.0023728352894667,
    "v1": 7.132746522300238e-06,
    "v2": 0.0006486206814131562,
    "v3": 0.0001529590388752649,
    "v4": 2.9823437068455073e-05,
    "v5": 3.147266654878267e-05,
    "v6": 1.2255576755399567e-10
  }
}