{
  "country": "New Zealand",
  "start": "2001-01",
  "nobs": 305,
  "loglik": 912.0032300405364,
  "lam": 0.1414174032498038,
  "params": {
    "qL": 0.0018791198215903472,
    "qS": 0.08432050231666903,
    "qC": 0.11902354970556506,
    "lam": 0.1414174032498038,
    "v1": 3.833195288469258e-09,
    "v2": 1.5566022930515078e-10,
    "v3": 0.005298007807923983,
    "v4": 0.01559346764281255,
    "v5": 0.008198758985762868,
    "v6": 0.0007558770607868468
  },
  "bse": {
    "qL": 0.00018246578887342376,
    "qS": 0.006603195294912248,
    "qC": 0.01022821151949618,
    "lam": 0.0174911722921812,
    "v1": 0.026418800473754184,
    "v2": 0.002019995123716364,
    "v3": 0.0004881773307343743,
    "v4": 0.0017743695725265605,
    "v5": 0.0007654542188039169,
    "v6": 3.4273327580572784e-05
  }
}