{
  "country": "New Zealand",
  "start": "2001-01",
  "nobs": 304,
  "loglik": 910.6020832747362,
  "lam": 0.14135172548969646,
  "params": {
    "qL": 0.0018802077559225488,
    "qS": 0.08449574845899518,
    "qC": 0.11931072880530551,
    "lam": 0.14135172548969646,
    "v1": 1.6620203970646186e-09,
    "v2": 4.859618279464458e-10,
    "v3": 0.005326769167567041,
    "v4": 0.015591950894828482,
    "v5": 0.008197136950115853,
    "v6": 0.0007552504106504268
  },
  "bse": {
    "qL": 0.00018275818115230796,
    "qS": 0.006633958936896205,
    "qC": 0.010285413774855768,
    "lam": 0.017532698220110058,
    "v1": 0.026476639424537304,
    "v2": 0.0020349818458244876,
    "v3": 0.0004924077321997842,
    "v4": 0.0017724811875764648,
    "v5": 0.0007651497289595617,
    "v6": 3.4216263993286425e-05
  }
}