{
  "country": "Russia",
  "start": "2001-01",
  "nobs": 304,
  "loglik": -629.7632891348026,
  "lam": 0.06291721257304311,
  "params": {
    "qL": 0.025220460616425952,
    "qS": 0.6294541581112401,
    "qC": 0.3348708433400516,
    "lam": 0.06291721257304311,
    "v1": 1.0422497786167202e-10,
    "v2": 1.2015926123088132,
    "v3": 0.019035198975717933,
    "v4": 0.14942717163124708,
    "v5": 0.15718512756523836,
    "v6": 0.030364485061939703
  },
  "bse": {
    "qL": 0.002955405164812703,
    "qS": 0.08266501162114123,
    "qC": 0.07369519354613871,
    "lam": 0.007586961433016795,
    "v1": 0.027089315144197587,
    "v2": 0.14787565719054677,
    "v3": 0.005435481157071974,
    "v4": 0.03442319355696221,
    "v5": 0.022398425155760467,
    "v6": 0.0013076767877805181
  }
}