{
  "country": "Russia",
  "start": "2001-01",
  "nobs": 304,
  "loglik": 189.41810502192249,
  "lam": 0.08321182820814077,
  "params": {
    "qL": 0.048586240215879026,
    "qS": 2.6504931012060444,
    "qC": 0.7657516403633831,
    "lam": 0.08321182820814077,
    "v1": 1.484908158826098,
    "v2": 1.5292248120276908,
    "v3": 0.16860973819479685,
    "v4": 0.09559078347524232,
    "v5": 0.017489183095879508,
    "v6": 1.5418361752318192e-05
  },
  "bse": {
    "qL": 0.008996976428894752,
    "qS": 0.17735582004559416,
    "qC": 0.1899817579033065,
    "lam": 0.010676625472802195,
    "v1": 0.26282535448035954,
    "v2": 0.28220334251599344,
    "v3": 0.04631955557491993,
    "v4": 0.05876414661319756,
    "v5": 0.0038110350763308092,
    "v6": 1.3787462965942227e-06
  }
}