{
  "country": "Russia",
  "start": "2001-01",
  "nobs": 304,
  "loglik": -629.7632936239563,
  "lam": 0.06291453697628904,
  "params": {
    "qL": 0.025221618019308455,
    "qS": 0.629221384521425,
    "qC": 0.33489079944489647,
    "lam": 0.06291453697628904,
    "v1": 5.438195887270147e-10,
    "v2": 1.202286682167532,
    "v3": 0.01905969711809377,
    "v4": 0.14937202879940165,
    "v5": 0.15714768071268195,
    "v6": 0.03036216450065844
  },
  "bse": {
    "qL": 0.002955756951454993,
    "qS": 0.0826916833393343,
    "qC": 0.07369689307704799,
    "lam": 0.0075841064070214965,
    "v1": 0.027091788637502553,
    "v2": 0.14802571578903487,
    "v3": 0.005435054234148034,
    "v4": 0.034408662365469855,
    "v5": 0.022390923347803245,
    "v6": 0.001307762865719676
  }
}