{
  "country": "Canada",
  "start": "2001-01",
  "nobs": 304,
  "loglik": 1436.2768291863333,
  "lam": 0.15763769865414104,
  "params": {
    "qL": 0.00027680289734457363,
    "qS": 0.07137802421253263,
    "qC": 0.049746024468320736,
    "lam": 0.15763769865414104,
    "v1": 2.5907685854082513e-08,
    "v2": 0.008689062028289177,
    "v3": 0.0024348835726365303,
    "v4": 0.004517071629177856,
    "v5": 0.003248634440532931,
    "v6": 0.0001945931407869561
  },
  "bse": {
    "qL": 4.297182178870493e-05,
    "qS": 0.005682644389651582,
    "qC": 0.005896555297657811,
    "lam": 0.016362369036779838,
    "v1": 0.021407027421677497,
    "v2": 0.001836505600801626,
    "v3": 0.0002628092234973238,
    "v4": 0.0006682187835458081,
    "v5": 0.00029111903390670996,
    "v6": 5.507040132722604e-06
  }
}