{
  "country": "Canada",
  "start": "2001-01",
  "nobs": 305,
  "loglik": 1437.950186890623,
  "lam": 0.15810399921716217,
  "params": {
    "qL": 0.00027622431116310016,
    "qS": 0.0726658934543534,
    "qC": 0.04940911020797602,
    "lam": 0.15810399921716217,
    "v1": 7.339749574601131e-08,
    "v2": 0.0067060131700723774,
    "v3": 0.0025719878638252778,
    "v4": 0.0045129720782615,
    "v5": 0.003249626912632929,
    "v6": 0.00019466758786918048
  },
  "bse": {
    "qL": 4.280925872196976e-05,
    "qS": 0.00551688511121053,
    "qC": 0.00583005468731173,
    "lam": 0.016401905861310653,
    "v1": 0.02166600172449311,
    "v2": 0.0016306594762762606,
    "v3": 0.0002541853394958593,
    "v4": 0.0006701720970813913,
    "v5": 0.00029103722887915414,
    "v6": 5.5105830040787825e-06
  }
}