{
  "country": "Canada",
  "start": "2001-01",
  "nobs": 304,
  "loglik": 1436.2768553993164,
  "lam": 0.1576159338315062,
  "params": {
    "qL": 0.0002765316903981444,
    "qS": 0.07140029713858306,
    "qC": 0.04972715828654983,
    "lam": 0.1576159338315062,
    "v1": 1.7384195150923186e-10,
    "v2": 0.008692054689097962,
    "v3": 0.002433167839182997,
    "v4": 0.004518152754046474,
    "v5": 0.0032477629241055724,
    "v6": 0.0001945850990128965
  },
  "bse": {
    "qL": 4.290320515121374e-05,
    "qS": 0.005684581465980836,
    "qC": 0.0058920838058065805,
    "lam": 0.016363514215657165,
    "v1": 0.021405235606611003,
    "v2": 0.0018372604706879696,
    "v3": 0.00026270480350397586,
    "v4": 0.00066848372374543,
    "v5": 0.00029098162031006297,
    "v6": 5.506596936021592e-06
  }
}