{
  "country": "Canada",
  "start": "2001-01",
  "nobs": 304,
  "loglik": 2154.549209509414,
  "lam": 0.09966418250263792,
  "params": {
    "qL": 0.013207908147512276,
    "qS": 0.21959546623329088,
    "qC": 0.13080519258402765,
    "lam": 0.09966418250263792,
    "v1": 0.8669587163844018,
    "v2": 0.4990300073539345,
    "v3": 0.05356159236232815,
    "v4": 0.6447042236248849,
    "v5": 0.3683637634795545,
    "v6": 4.607452594813278e-12
  },
  "bse": {
    "qL": 3.741542014032431e-18,
    "qS": 1.2364959584952815e-21,
    "qC": 3.706457786407879e-19,
    "lam": 8.473481133692816e-20,
    "v1": 2.2969628447331817e-20,
    "v2": 5.358013149568603e-20,
    "v3": 9.86941959302409e-19,
    "v4": 8.240947810468837e-20,
    "v5": 2.89218636828216e-19,
    "v6": 1.1096310044543245e-10
  }
}