{
  "country": "South Korea",
  "start": "2001-01",
  "nobs": 304,
  "loglik": 1850.871701037088,
  "lam": 0.09977420551387478,
  "params": {
    "qL": 0.005850481937734847,
    "qS": 0.1450008698265845,
    "qC": 0.0840589061258713,
    "lam": 0.09977420551387478,
    "v1": 0.8341491352239742,
    "v2": 0.4186461008999003,
    "v3": 0.0468321750363818,
    "v4": 0.6376943914071567,
    "v5": 0.3566353977417808,
    "v6": 2.4396237338322238e-11
  },
  "bse": {
    "qL": 0.0009780328125536513,
    "qS": 0.0002953265597034127,
    "qC": 4.337060370709156e-05,
    "lam": 0.000238475867453279,
    "v1": 2.3686842962995623e-05,
    "v2": 3.925456236694293e-05,
    "v3": 0.0021083319742745276,
    "v4": 1.6195070318374165e-06,
    "v5": 7.095840018912297e-07,
    "v6": 1.1489379904938268e-10
  }
}