{
  "country": "South Korea",
  "start": "2001-01",
  "nobs": 305,
  "loglik": 774.4553747699723,
  "lam": 0.0774265944472581,
  "params": {
    "qL": 0.0035873652797890642,
    "qS": 0.039633967301329474,
    "qC": 0.07221242509580704,
    "lam": 0.0774265944472581,
    "v1": 1.0646895153007083e-10,
    "v2": 0.002026958343120722,
    "v3": 0.0021472308636488065,
    "v4": 0.028334182673192775,
    "v5": 0.01964543540876506,
    "v6": 0.0031878283782668716
  },
  "bse": {
    "qL": 0.0004327302057246486,
    "qS": 0.003120420911898356,
    "qC": 0.006526714327752785,
    "lam": 0.00854770466798533,
    "v1": 0.006161415402965529,
    "v2": 0.0008887003945731108,
    "v3": 0.0004262932875964249,
    "v4": 0.0047982909301336205,
    "v5": 0.002211485725730762,
    "v6": 0.00016427394181168842
  }
}