{
  "country": "South Korea",
  "start": "2001-01",
  "nobs": 304,
  "loglik": 773.01337864014,
  "lam": 0.07733769985951587,
  "params": {
    "qL": 0.0035899818364943993,
    "qS": 0.03929984499041891,
    "qC": 0.07232391481484156,
    "lam": 0.07733769985951587,
    "v1": 2.887201893464637e-10,
    "v2": 0.0025310003730122767,
    "v3": 0.0020260453127498067,
    "v4": 0.02843951395654466,
    "v5": 0.019691731790323307,
    "v6": 0.003190250160632095
  },
  "bse": {
    "qL": 0.0004330714995604826,
    "qS": 0.0030957713907274506,
    "qC": 0.006552883277959491,
    "lam": 0.008565653262267223,
    "v1": 0.006114825560514536,
    "v2": 0.0009177208524081046,
    "v3": 0.0004257203578141069,
    "v4": 0.004804977243827078,
    "v5": 0.002218836360890489,
    "v6": 0.00016440217755672956
  }
}