{
  "country": "South Korea",
  "start": "2001-01",
  "nobs": 304,
  "loglik": 773.0133800656204,
  "lam": 0.0773375261061614,
  "params": {
    "qL": 0.003589688710889367,
    "qS": 0.03930036619902256,
    "qC": 0.07230498910607985,
    "lam": 0.0773375261061614,
    "v1": 3.9847567081304e-12,
    "v2": 0.002530152314903008,
    "v3": 0.00202755931854472,
    "v4": 0.028441051673964643,
    "v5": 0.019685746148951022,
    "v6": 0.003190330119718555
  },
  "bse": {
    "qL": 0.00043301254676164945,
    "qS": 0.003095850715105165,
    "qC": 0.006550802379234976,
    "lam": 0.00856562661746206,
    "v1": 0.0061144557185538765,
    "v2": 0.000917733361055249,
    "v3": 0.0004257448273459592,
    "v4": 0.004805863752940794,
    "v5": 0.0022175891664074346,
    "v6": 0.00016441168524816447
  }
}